epoch,lr-SGD,step,test_acc,train_acc,train_loss,val_acc
,0.1,0,,,,
0,,49,,,1.9531476497650146,
0,,99,,,1.2433514595031738,
0,,149,,,2.1827361583709717,
0,,179,,,,0.2638888955116272
0,,179,,0.28125,,
,0.1,180,,,,
1,,199,,,2.1207287311553955,
1,,249,,,0.8447762131690979,
1,,299,,,1.6596853733062744,
1,,349,,,1.4295228719711304,
1,,359,,,,0.28611111640930176
1,,359,,0.3534722328186035,,
,0.1,360,,,,
2,,399,,,1.4938911199569702,
2,,449,,,1.5681601762771606,
2,,499,,,1.9417351484298706,
2,,539,,,,0.22499999403953552
2,,539,,0.2736110985279083,,
,0.1,540,,,,
3,,549,,,1.5071566104888916,
3,,599,,,1.2798538208007812,
3,,649,,,0.9910399317741394,
3,,699,,,1.5000665187835693,
3,,719,,,,0.05277777835726738
3,,719,,0.3444444537162781,,
,0.1,720,,,,
4,,749,,,1.6059448719024658,
4,,799,,,1.8063557147979736,
4,,849,,,1.5745527744293213,
4,,899,,,1.6808284521102905,
4,,899,,,,0.18888889253139496
4,,899,,0.37361112236976624,,
,0.1,900,,,,
5,,949,,,1.3708643913269043,
5,,999,,,1.5256617069244385,
5,,1049,,,1.4120301008224487,
5,,1079,,,,0.42222222685813904
5,,1079,,0.42152777314186096,,
,0.1,1080,,,,
6,,1099,,,1.0594947338104248,
6,,1149,,,1.264826774597168,
6,,1199,,,1.0813347101211548,
6,,1249,,,1.4550029039382935,
6,,1259,,,,0.5527777671813965
6,,1259,,0.4888888895511627,,
,0.1,1260,,,,
7,,1299,,,1.1562775373458862,
7,,1349,,,0.7596389651298523,
7,,1399,,,1.374336838722229,
7,,1439,,,,0.4333333373069763
7,,1439,,0.5534722208976746,,
,0.1,1440,,,,
8,,1449,,,0.7763052582740784,
8,,1499,,,1.0143972635269165,
8,,1549,,,0.7319286465644836,
8,,1599,,,0.570731520652771,
8,,1619,,,,0.4194444417953491
8,,1619,,0.5527777671813965,,
,0.1,1620,,,,
9,,1649,,,1.207801103591919,
9,,1699,,,0.5894008874893188,
9,,1749,,,0.8220289349555969,
9,,1799,,,1.0924433469772339,
9,,1799,,,,0.36944442987442017
9,,1799,,0.6840277910232544,,
,0.1,1800,,,,
10,,1849,,,0.8170482516288757,
10,,1899,,,0.509781002998352,
10,,1949,,,1.1427767276763916,
10,,1979,,,,0.5944444537162781
10,,1979,,0.7118055820465088,,
,0.1,1980,,,,
11,,1999,,,0.5068361163139343,
11,,2049,,,0.5397778153419495,
11,,2099,,,0.7226446866989136,
11,,2149,,,0.28174087405204773,
11,,2159,,,,0.6222222447395325
11,,2159,,0.7576388716697693,,
,0.1,2160,,,,
12,,2199,,,0.4568009078502655,
12,,2249,,,0.4457232654094696,
12,,2299,,,0.8453938961029053,
12,,2339,,,,0.5638889074325562
12,,2339,,0.7777777910232544,,
,0.1,2340,,,,
13,,2349,,,1.2852674722671509,
13,,2399,,,0.2697169780731201,
13,,2449,,,0.7792522311210632,
13,,2499,,,1.1817508935928345,
13,,2519,,,,0.574999988079071
13,,2519,,0.800000011920929,,
,0.1,2520,,,,
14,,2549,,,1.4796421527862549,
14,,2599,,,0.15708523988723755,
14,,2649,,,0.42775264382362366,
14,,2699,,,0.13985520601272583,
14,,2699,,,,0.7777777910232544
14,,2699,,0.8284721970558167,,
,0.1,2700,,,,
15,,2749,,,0.7610606551170349,
15,,2799,,,0.20070824027061462,
15,,2849,,,0.5074240565299988,
15,,2879,,,,0.6694444417953491
15,,2879,,0.8340277671813965,,
,0.1,2880,,,,
16,,2899,,,0.3648306131362915,
16,,2949,,,0.6739892363548279,
16,,2999,,,0.0854015052318573,
16,,3049,,,0.22668281197547913,
16,,3059,,,,0.5555555820465088
16,,3059,,0.8340277671813965,,
,0.1,3060,,,,
17,,3099,,,0.1185326874256134,
17,,3149,,,0.4334530234336853,
17,,3199,,,0.1897226870059967,
17,,3239,,,,0.7722222208976746
17,,3239,,0.8548611402511597,,
,0.1,3240,,,,
18,,3249,,,0.7381704449653625,
18,,3299,,,0.688119649887085,
18,,3349,,,0.7299829125404358,
18,,3399,,,0.3372136950492859,
18,,3419,,,,0.5944444537162781
18,,3419,,0.8298611044883728,,
,0.1,3420,,,,
19,,3449,,,0.08850432932376862,
19,,3499,,,0.8798344135284424,
19,,3549,,,0.08048645406961441,
19,,3599,,,0.44520103931427,
19,,3599,,,,0.6638888716697693
19,,3599,,0.8611111044883728,,
,0.1,3600,,,,
20,,3649,,,0.6303550601005554,
20,,3699,,,0.8435388207435608,
20,,3749,,,0.34433281421661377,
20,,3779,,,,0.6472222208976746
20,,3779,,0.8479166626930237,,
,0.1,3780,,,,
21,,3799,,,0.4931347668170929,
21,,3849,,,0.12921938300132751,
21,,3899,,,0.24683426320552826,
21,,3949,,,0.3741251528263092,
21,,3959,,,,0.7583333253860474
21,,3959,,0.8652777671813965,,
,0.1,3960,,,,
22,,3999,,,0.31861719489097595,
22,,4049,,,0.11364100128412247,
22,,4099,,,0.3890374004840851,
22,,4139,,,,0.7361111044883728
22,,4139,,0.8736110925674438,,
,0.1,4140,,,,
23,,4149,,,0.3802933096885681,
23,,4199,,,0.3105751872062683,
23,,4249,,,0.3518700897693634,
23,,4299,,,0.14326125383377075,
23,,4319,,,,0.6361111402511597
23,,4319,,0.8652777671813965,,
,0.1,4320,,,,
24,,4349,,,0.5663142204284668,
24,,4399,,,0.02340766228735447,
24,,4449,,,0.09388001263141632,
24,,4499,,,0.10320350527763367,
24,,4499,,,,0.5833333134651184
24,,4499,,0.8916666507720947,,
,0.1,4500,,,,
25,,4549,,,0.05716854706406593,
25,,4599,,,0.13126108050346375,
25,,4649,,,0.20520298182964325,
25,,4679,,,,0.5444444417953491
25,,4679,,0.8916666507720947,,
,0.1,4680,,,,
26,,4699,,,0.11812914162874222,
26,,4749,,,0.7834702730178833,
26,,4799,,,0.16220365464687347,
26,,4849,,,0.15329432487487793,
26,,4859,,,,0.5916666388511658
26,,4859,,0.8576388955116272,,
,0.1,4860,,,,
27,,4899,,,0.31539565324783325,
27,,4949,,,0.220720574259758,
27,,4999,,,0.12220960855484009,
27,,5039,,,,0.550000011920929
27,,5039,,0.8791666626930237,,
,0.1,5040,,,,
28,,5049,,,0.32850801944732666,
28,,5099,,,0.19104918837547302,
28,,5149,,,0.3627599775791168,
28,,5199,,,0.9956889748573303,
28,,5219,,,,0.5944444537162781
28,,5219,,0.8819444179534912,,
,0.1,5220,,,,
29,,5249,,,0.577302098274231,
29,,5299,,,0.5493970513343811,
29,,5349,,,0.17129087448120117,
29,,5399,,,0.28044915199279785,
29,,5399,,,,0.6277777552604675
29,,5399,,0.8916666507720947,,
,0.1,5400,,,,
30,,5449,,,0.13904373347759247,
30,,5499,,,0.6398427486419678,
30,,5549,,,0.3159397840499878,
30,,5579,,,,0.35555556416511536
30,,5579,,0.8916666507720947,,
,0.1,5580,,,,
31,,5599,,,0.11216477304697037,
31,,5649,,,0.02448434941470623,
31,,5699,,,0.2853738069534302,
31,,5749,,,0.6432152986526489,
31,,5759,,,,0.4833333194255829
31,,5759,,0.8958333134651184,,
,0.1,5760,,,,
32,,5799,,,0.6295232772827148,
32,,5849,,,0.3529132604598999,
32,,5899,,,0.09780441224575043,
32,,5939,,,,0.4555555582046509
32,,5939,,0.8909721970558167,,
,0.1,5940,,,,
33,,5949,,,0.24474677443504333,
33,,5999,,,0.027734868228435516,
33,,6049,,,0.15306143462657928,
33,,6099,,,0.05905985087156296,
33,,6119,,,,0.6722221970558167
33,,6119,,0.9027777910232544,,
,0.1,6120,,,,
34,,6149,,,0.024676037952303886,
34,,6199,,,0.3341001868247986,
34,,6249,,,1.2579537630081177,
34,,6299,,,0.006797370035201311,
34,,6299,,,,0.5249999761581421
34,,6299,,0.8986111283302307,,
,0.1,6300,,,,
35,,6349,,,0.4471942186355591,
35,,6399,,,0.33171913027763367,
35,,6449,,,0.48243552446365356,
35,,6479,,,,0.5416666865348816
35,,6479,,0.8826388716697693,,
,0.1,6480,,,,
36,,6499,,,0.5152053833007812,
36,,6549,,,0.047218210995197296,
36,,6599,,,0.5713154077529907,
36,,6649,,,0.25436845421791077,
36,,6659,,,,0.5083333253860474
36,,6659,,0.8881944417953491,,
,0.1,6660,,,,
37,,6699,,,0.05271866172552109,
37,,6749,,,0.1752440482378006,
37,,6799,,,0.09273254871368408,
37,,6839,,,,0.4749999940395355
37,,6839,,0.9243055582046509,,
,0.1,6840,,,,
38,,6849,,,0.028174934908747673,
38,,6899,,,0.7940383553504944,
38,,6949,,,0.25944218039512634,
38,,6999,,,0.05762472748756409,
38,,7019,,,,0.4555555582046509
38,,7019,,0.9118055701255798,,
,0.1,7020,,,,
39,,7049,,,0.0491819903254509,
39,,7099,,,0.10954873263835907,
39,,7149,,,0.048973117023706436,
39,,7199,,,1.275711178779602,
39,,7199,,,,0.47777777910232544
39,,7199,,0.9013888835906982,,
,0.1,7200,,,,
40,,7249,,,0.3182756304740906,
40,,7299,,,0.3791966438293457,
40,,7349,,,0.01340576820075512,
40,,7379,,,,0.6222222447395325
40,,7379,,0.9166666865348816,,
,0.1,7380,,,,
41,,7399,,,0.4728092849254608,
41,,7449,,,0.049311503767967224,
41,,7499,,,0.3370774984359741,
41,,7549,,,0.0879131406545639,
41,,7559,,,,0.5361111164093018
41,,7559,,0.9027777910232544,,
,0.1,7560,,,,
42,,7599,,,0.6143573522567749,
42,,7649,,,0.08210484683513641,
42,,7699,,,0.011739881709218025,
42,,7739,,,,0.4694444537162781
42,,7739,,0.9152777791023254,,
,0.1,7740,,,,
43,,7749,,,0.1703644096851349,
43,,7799,,,0.46214693784713745,
43,,7849,,,0.4371466338634491,
43,,7899,,,0.0851975828409195,
43,,7919,,,,0.6111111044883728
43,,7919,,0.8986111283302307,,
,0.1,7920,,,,
44,,7949,,,0.053438592702150345,
44,,7999,,,0.021437810733914375,
44,,8049,,,0.07480715215206146,
44,,8099,,,0.07076400518417358,
44,,8099,,,,0.5111111402511597
44,,8099,,0.9201388955116272,,
,0.1,8100,,,,
45,,8149,,,0.1125294491648674,
45,,8199,,,0.012018891982734203,
45,,8249,,,0.5237022638320923,
45,,8279,,,,0.7055555582046509
45,,8279,,0.9229166507720947,,
,0.1,8280,,,,
46,,8299,,,0.11389738321304321,
46,,8349,,,0.15315213799476624,
46,,8399,,,0.4362389147281647,
46,,8449,,,0.6022920608520508,
46,,8459,,,,0.5388888716697693
46,,8459,,0.9076389074325562,,
,0.1,8460,,,,
47,,8499,,,0.14198747277259827,
47,,8549,,,0.22300425171852112,
47,,8599,,,0.011829733848571777,
47,,8639,,,,0.4749999940395355
47,,8639,,0.9243055582046509,,
,0.1,8640,,,,
48,,8649,,,0.07699532806873322,
48,,8699,,,0.08206590265035629,
48,,8749,,,0.048264551907777786,
48,,8799,,,0.15273639559745789,
48,,8819,,,,0.6027777791023254
48,,8819,,0.9340277910232544,,
,0.1,8820,,,,
49,,8849,,,0.5337221026420593,
49,,8899,,,0.007694028317928314,
49,,8949,,,0.04571453109383583,
49,,8999,,,0.43188348412513733,
49,,8999,,,,0.625
49,,8999,,0.918749988079071,,
,0.1,9000,,,,
50,,9049,,,0.04175512492656708,
50,,9099,,,0.021427176892757416,
50,,9149,,,0.02353750355541706,
50,,9179,,,,0.5944444537162781
50,,9179,,0.9131944179534912,,
,0.1,9180,,,,
51,,9199,,,0.023866595700383186,
51,,9249,,,0.020380359143018723,
51,,9299,,,0.40302175283432007,
51,,9349,,,0.06179744377732277,
51,,9359,,,,0.6527777910232544
51,,9359,,0.9201388955116272,,
,0.1,9360,,,,
52,,9399,,,0.0840807557106018,
52,,9449,,,0.292155921459198,
52,,9499,,,0.14535900950431824,
52,,9539,,,,0.5333333611488342
52,,9539,,0.925694465637207,,
,0.1,9540,,,,
53,,9549,,,0.10996145009994507,
53,,9599,,,0.062047917395830154,
53,,9649,,,0.2848643958568573,
53,,9699,,,0.10684679448604584,
53,,9719,,,,0.519444465637207
53,,9719,,0.9277777671813965,,
,0.1,9720,,,,
54,,9749,,,0.04363599419593811,
54,,9799,,,0.18687239289283752,
54,,9849,,,0.07329060137271881,
54,,9899,,,0.03914067521691322,
54,,9899,,,,0.4333333373069763
54,,9899,,0.9444444179534912,,
,0.1,9900,,,,
55,,9949,,,0.004837004467844963,
55,,9999,,,0.34451428055763245,
55,,10049,,,0.31753891706466675,
55,,10079,,,,0.4694444537162781
55,,10079,,0.9312499761581421,,
,0.1,10080,,,,
56,,10099,,,0.11407379806041718,
56,,10149,,,0.08267084509134293,
56,,10199,,,0.9000122547149658,
56,,10249,,,0.1161806583404541,
56,,10259,,,,0.4583333432674408
56,,10259,,0.9375,,
,0.1,10260,,,,
57,,10299,,,0.17119435966014862,
57,,10349,,,0.03303055837750435,
57,,10399,,,0.09164883196353912,
57,,10439,,,,0.43888887763023376
57,,10439,,0.9361110925674438,,
,0.1,10440,,,,
58,,10449,,,0.056765228509902954,
58,,10499,,,0.054785825312137604,
58,,10549,,,0.020505715161561966,
58,,10599,,,0.4875519275665283,
58,,10619,,,,0.4472222328186035
58,,10619,,0.9430555701255798,,
,0.1,10620,,,,
59,,10649,,,0.16900137066841125,
59,,10699,,,0.005425156559795141,
59,,10749,,,0.0024513928219676018,
59,,10799,,,0.025434264913201332,
59,,10799,,,,0.5333333611488342
59,,10799,,0.9472222328186035,,
,0.1,10800,,,,
60,,10849,,,0.09529095888137817,
60,,10899,,,0.06467145681381226,
60,,10949,,,0.2774154841899872,
60,,10979,,,,0.45277777314186096
60,,10979,,0.9437500238418579,,
,0.1,10980,,,,
61,,10999,,,0.12713934481143951,
61,,11049,,,0.3474903404712677,
61,,11099,,,0.0991707444190979,
61,,11149,,,0.15623533725738525,
61,,11159,,,,0.5611110925674438
61,,11159,,0.9472222328186035,,
,0.1,11160,,,,
62,,11199,,,0.23013657331466675,
62,,11249,,,0.33469170331954956,
62,,11299,,,0.29668381810188293,
62,,11339,,,,0.6027777791023254
62,,11339,,0.9319444298744202,,
,0.1,11340,,,,
63,,11349,,,0.08147043734788895,
63,,11399,,,0.0034585942048579454,
63,,11449,,,0.044483013451099396,
63,,11499,,,0.04853159934282303,
63,,11519,,,,0.574999988079071
63,,11519,,0.9312499761581421,,
,0.1,11520,,,,
64,,11549,,,0.08283662796020508,
64,,11599,,,0.06323950737714767,
64,,11649,,,0.0985739678144455,
64,,11699,,,0.2958533465862274,
64,,11699,,,,0.6638888716697693
64,,11699,,0.9354166388511658,,
,0.1,11700,,,,
65,,11749,,,0.2143743336200714,
65,,11799,,,0.04224034771323204,
65,,11849,,,0.033070456236600876,
65,,11879,,,,0.6305555701255798
65,,11879,,0.9347222447395325,,
,0.1,11880,,,,
66,,11899,,,0.05459553003311157,
66,,11949,,,0.166031613945961,
66,,11999,,,0.49513617157936096,
66,,12049,,,0.01900721900165081,
66,,12059,,,,0.3472222089767456
66,,12059,,0.9451388716697693,,
,0.1,12060,,,,
67,,12099,,,0.014907220378518105,
67,,12149,,,0.0130061199888587,
67,,12199,,,0.00660991994664073,
67,,12239,,,,0.4583333432674408
67,,12239,,0.9354166388511658,,
,0.1,12240,,,,
68,,12249,,,0.3102322220802307,
68,,12299,,,0.09104862809181213,
68,,12349,,,0.07185294479131699,
68,,12399,,,0.06976544857025146,
68,,12419,,,,0.644444465637207
68,,12419,,0.9534721970558167,,
,0.1,12420,,,,
69,,12449,,,0.05413934215903282,
69,,12499,,,0.0423603318631649,
69,,12549,,,0.4431048035621643,
69,,12599,,,0.0012690279399976134,
69,,12599,,,,0.6694444417953491
69,,12599,,0.9340277910232544,,
,0.1,12600,,,,
70,,12649,,,0.04722960665822029,
70,,12699,,,0.09272641688585281,
70,,12749,,,0.011728334240615368,
70,,12779,,,,0.5111111402511597
70,,12779,,0.9368055462837219,,
,0.1,12780,,,,
71,,12799,,,0.4670391082763672,
71,,12849,,,0.003174763871356845,
71,,12899,,,0.03384369611740112,
71,,12949,,,0.31136423349380493,
71,,12959,,,,0.33888888359069824
71,,12959,,0.9361110925674438,,
,0.1,12960,,,,
72,,12999,,,0.10120400786399841,
72,,13049,,,0.004109970759600401,
72,,13099,,,0.1660674512386322,
72,,13139,,,,0.41111111640930176
72,,13139,,0.9437500238418579,,
,0.1,13140,,,,
73,,13149,,,0.028738724067807198,
73,,13199,,,0.001700789318419993,
73,,13249,,,0.4054149091243744,
73,,13299,,,1.685592532157898,
73,,13319,,,,0.7388888597488403
73,,13319,,0.9430555701255798,,
,0.1,13320,,,,
74,,13349,,,0.12194223701953888,
74,,13399,,,0.612246036529541,
74,,13449,,,0.29553163051605225,
74,,13499,,,0.006113960407674313,
74,,13499,,,,0.27222222089767456
74,,13499,,0.9326388835906982,,
,0.1,13500,,,,
75,,13549,,,0.08121412247419357,
75,,13599,,,0.492296427488327,
75,,13649,,,0.05462534353137016,
75,,13679,,,,0.46388888359069824
75,,13679,,0.9465277791023254,,
,0.1,13680,,,,
76,,13699,,,0.5324900150299072,
76,,13749,,,0.0029899757355451584,
76,,13799,,,0.0006235395558178425,
76,,13849,,,0.1863970309495926,
76,,13859,,,,0.6027777791023254
76,,13859,,0.9444444179534912,,
,0.1,13860,,,,
77,,13899,,,0.0030049183405935764,
77,,13949,,,0.03541119396686554,
77,,13999,,,0.5350551605224609,
77,,14039,,,,0.4555555582046509
77,,14039,,0.9388889074325562,,
,0.1,14040,,,,
78,,14049,,,0.05747375264763832,
78,,14099,,,0.14739596843719482,
78,,14149,,,0.04204877093434334,
78,,14199,,,0.0335470512509346,
78,,14219,,,,0.4472222328186035
78,,14219,,0.9583333134651184,,
,0.1,14220,,,,
79,,14249,,,0.13223527371883392,
79,,14299,,,0.03894727677106857,
79,,14349,,,0.06629928946495056,
79,,14399,,,0.5416594743728638,
79,,14399,,,,0.5138888955116272
79,,14399,,0.9291666746139526,,
,0.1,14400,,,,
80,,14449,,,0.15304692089557648,
80,,14499,,,0.3520594835281372,
80,,14549,,,0.005533542484045029,
80,,14579,,,,0.6194444298744202
80,,14579,,0.9486111402511597,,
,0.1,14580,,,,
81,,14599,,,0.09003628045320511,
81,,14649,,,0.060965392738580704,
81,,14699,,,0.10444189608097076,
81,,14749,,,0.02988826483488083,
81,,14759,,,,0.4972222149372101
81,,14759,,0.9277777671813965,,
,0.1,14760,,,,
82,,14799,,,0.014474283903837204,
82,,14849,,,0.030520286411046982,
82,,14899,,,0.2294003665447235,
82,,14939,,,,0.4583333432674408
82,,14939,,0.9541666507720947,,
,0.1,14940,,,,
83,,14949,,,0.063961461186409,
83,,14999,,,0.001173564582131803,
83,,15049,,,0.03023388609290123,
83,,15099,,,0.003123059868812561,
83,,15119,,,,0.7277777791023254
83,,15119,,0.9527778029441833,,
,0.1,15120,,,,
84,,15149,,,0.2004481852054596,
84,,15199,,,0.06207070127129555,
84,,15249,,,0.225871741771698,
84,,15299,,,0.0044609853066504,
84,,15299,,,,0.550000011920929
84,,15299,,0.9604166746139526,,
,0.1,15300,,,,
85,,15349,,,0.033483222126960754,
85,,15399,,,0.15034052729606628,
85,,15449,,,0.032939888536930084,
85,,15479,,,,0.5611110925674438
85,,15479,,0.9534721970558167,,
,0.1,15480,,,,
86,,15499,,,0.15860360860824585,
86,,15549,,,0.2023227959871292,
86,,15599,,,0.12469707429409027,
86,,15649,,,0.19656792283058167,
86,,15659,,,,0.375
86,,15659,,0.9319444298744202,,
,0.1,15660,,,,
87,,15699,,,0.1442655324935913,
87,,15749,,,0.01992036961019039,
87,,15799,,,0.19224189221858978,
87,,15839,,,,0.5222222208976746
87,,15839,,0.9604166746139526,,
,0.1,15840,,,,
88,,15849,,,0.04733773693442345,
88,,15899,,,0.032851483672857285,
88,,15949,,,0.04703613370656967,
88,,15999,,,0.297039657831192,
88,,16019,,,,0.5277777910232544
88,,16019,,0.949999988079071,,
,0.1,16020,,,,
89,,16049,,,0.3645912706851959,
89,,16099,,,0.07856448739767075,
89,,16149,,,0.2420920878648758,
89,,16199,,,0.00023584734299220145,
89,,16199,,,,0.25555557012557983
89,,16199,,0.9604166746139526,,
,0.1,16200,,,,
90,,16249,,,0.09586817026138306,
90,,16299,,,0.04770573228597641,
90,,16349,,,0.2439400553703308,
90,,16379,,,,0.5027777552604675
90,,16379,,0.9388889074325562,,
,0.1,16380,,,,
91,,16399,,,0.029937729239463806,
91,,16449,,,0.31545013189315796,
91,,16499,,,0.039920903742313385,
91,,16549,,,0.02068566344678402,
91,,16559,,,,0.519444465637207
91,,16559,,0.9618055820465088,,
,0.1,16560,,,,
92,,16599,,,0.012214280664920807,
92,,16649,,,0.06195477023720741,
92,,16699,,,0.10241127014160156,
92,,16739,,,,0.4416666626930237
92,,16739,,0.9583333134651184,,
,0.1,16740,,,,
93,,16749,,,0.029704224318265915,
93,,16799,,,0.05911288410425186,
93,,16849,,,0.07567057013511658,
93,,16899,,,0.005088460631668568,
93,,16919,,,,0.5527777671813965
93,,16919,,0.9659722447395325,,
,0.1,16920,,,,
94,,16949,,,0.022846508771181107,
94,,16999,,,0.09651725739240646,
94,,17049,,,0.0033802168909460306,
94,,17099,,,0.06775707006454468,
94,,17099,,,,0.4861111044883728
94,,17099,,0.9555555582046509,,
,0.1,17100,,,,
95,,17149,,,0.3009316325187683,
95,,17199,,,0.008893623016774654,
95,,17249,,,0.05261643975973129,
95,,17279,,,,0.5083333253860474
95,,17279,,0.9597222208976746,,
,0.1,17280,,,,
96,,17299,,,0.03601371496915817,
96,,17349,,,0.26601308584213257,
96,,17399,,,0.08143714815378189,
96,,17449,,,0.5304710268974304,
96,,17459,,,,0.5611110925674438
96,,17459,,0.9284722208976746,,
,0.1,17460,,,,
97,,17499,,,0.16801421344280243,
97,,17549,,,0.010491659864783287,
97,,17599,,,0.1466590017080307,
97,,17639,,,,0.5
97,,17639,,0.9666666388511658,,
,0.1,17640,,,,
98,,17649,,,0.42871642112731934,
98,,17699,,,0.5338059663772583,
98,,17749,,,0.000460701558040455,
98,,17799,,,0.5082195997238159,
98,,17819,,,,0.42222222685813904
98,,17819,,0.949305534362793,,
,0.1,17820,,,,
99,,17849,,,0.03917931392788887,
99,,17899,,,0.1145087406039238,
99,,17949,,,0.013653441332280636,
99,,17999,,,0.05428130552172661,
99,,17999,,,,0.42500001192092896
99,,17999,,0.9451388716697693,,
,0.010000000000000002,18000,,,,
100,,18049,,,0.01234898716211319,
100,,18099,,,0.1169029101729393,
100,,18149,,,0.06744711846113205,
100,,18179,,,,0.4722222089767456
100,,18179,,0.9597222208976746,,
,0.010000000000000002,18180,,,,
101,,18199,,,0.014535817317664623,
101,,18249,,,0.014815437607467175,
101,,18299,,,0.02173946052789688,
101,,18349,,,0.14213870465755463,
101,,18359,,,,0.4277777671813965
101,,18359,,0.9777777791023254,,
,0.010000000000000002,18360,,,,
102,,18399,,,0.0013188375160098076,
102,,18449,,,0.09690636396408081,
102,,18499,,,0.0031657954677939415,
102,,18539,,,,0.4722222089767456
102,,18539,,0.9777777791023254,,
,0.010000000000000002,18540,,,,
103,,18549,,,0.14626891911029816,
103,,18599,,,0.002183047356083989,
103,,18649,,,0.018721170723438263,
103,,18699,,,0.034615084528923035,
103,,18719,,,,0.4749999940395355
103,,18719,,0.9708333611488342,,
,0.010000000000000002,18720,,,,
104,,18749,,,0.017638957127928734,
104,,18799,,,0.0062087830156087875,
104,,18849,,,0.017736012116074562,
104,,18899,,,0.04885304719209671,
104,,18899,,,,0.4888888895511627
104,,18899,,0.9826388955116272,,
,0.010000000000000002,18900,,,,
105,,18949,,,0.03319710120558739,
105,,18999,,,0.0050932876765728,
105,,19049,,,0.12031374871730804,
105,,19079,,,,0.5055555701255798
105,,19079,,0.9840278029441833,,
,0.010000000000000002,19080,,,,
106,,19099,,,0.00850698072463274,
106,,19149,,,0.0007333821849897504,
106,,19199,,,0.0032653536181896925,
106,,19249,,,0.00048749311827123165,
106,,19259,,,,0.48055556416511536
106,,19259,,0.9763888716697693,,
,0.010000000000000002,19260,,,,
107,,19299,,,0.3244757354259491,
107,,19349,,,0.008141439408063889,
107,,19399,,,0.020375050604343414,
107,,19439,,,,0.42222222685813904
107,,19439,,0.9847221970558167,,
,0.010000000000000002,19440,,,,
108,,19449,,,0.027990903705358505,
108,,19499,,,0.01526253018528223,
108,,19549,,,0.4091726243495941,
108,,19599,,,0.11146152019500732,
108,,19619,,,,0.40833333134651184
108,,19619,,0.9854166507720947,,
,0.010000000000000002,19620,,,,
109,,19649,,,0.003389463759958744,
109,,19699,,,0.0159468837082386,
109,,19749,,,0.0015643013175576925,
109,,19799,,,0.1844111680984497,
109,,19799,,,,0.47777777910232544
109,,19799,,0.987500011920929,,
,0.010000000000000002,19800,,,,
110,,19849,,,0.00046990401460789144,
110,,19899,,,0.06671930849552155,
110,,19949,,,0.03670024499297142,
110,,19979,,,,0.48055556416511536
110,,19979,,0.9902777671813965,,
,0.010000000000000002,19980,,,,
111,,19999,,,0.03277651593089104,
111,,20049,,,0.004495132714509964,
111,,20099,,,0.012995531782507896,
111,,20149,,,0.007779579143971205,
111,,20159,,,,0.4722222089767456
111,,20159,,0.9895833134651184,,
,0.010000000000000002,20160,,,,
112,,20199,,,0.08814331144094467,
112,,20249,,,0.09976198524236679,
112,,20299,,,0.005884258076548576,
112,,20339,,,,0.48055556416511536
112,,20339,,0.9819444417953491,,
,0.010000000000000002,20340,,,,
113,,20349,,,0.5457460880279541,
113,,20399,,,0.0028021209873259068,
113,,20449,,,0.027131572365760803,
113,,20499,,,0.004949470516294241,
113,,20519,,,,0.4472222328186035
113,,20519,,0.988194465637207,,
,0.010000000000000002,20520,,,,
114,,20549,,,0.009747881442308426,
114,,20599,,,0.20893459022045135,
114,,20649,,,0.17143042385578156,
114,,20699,,,0.492458701133728,
114,,20699,,,,0.45277777314186096
114,,20699,,0.9833333492279053,,
,0.010000000000000002,20700,,,,
115,,20749,,,0.0061159213073551655,
115,,20799,,,0.00011750184057746083,
115,,20849,,,0.0004214047803543508,
115,,20879,,,,0.46388888359069824
115,,20879,,0.9833333492279053,,
,0.010000000000000002,20880,,,,
116,,20899,,,0.04792776703834534,
116,,20949,,,0.016056405380368233,
116,,20999,,,0.003372895997017622,
116,,21049,,,0.0014496234944090247,
116,,21059,,,,0.4555555582046509
116,,21059,,0.988194465637207,,
,0.010000000000000002,21060,,,,
117,,21099,,,0.00469480874016881,
117,,21149,,,0.002922226907685399,
117,,21199,,,0.03036542981863022,
117,,21239,,,,0.46388888359069824
117,,21239,,0.9916666746139526,,
,0.010000000000000002,21240,,,,
118,,21249,,,0.003719085594639182,
118,,21299,,,0.005578787997364998,
118,,21349,,,0.007041650358587503,
118,,21399,,,0.016254419460892677,
118,,21419,,,,0.47777777910232544
118,,21419,,0.9923611283302307,,
,0.010000000000000002,21420,,,,
119,,21449,,,0.0006779725081287324,
119,,21499,,,0.002056502504274249,
119,,21549,,,0.007429301273077726,
119,,21599,,,0.04719278961420059,
119,,21599,,,,0.4555555582046509
119,,21599,,0.9916666746139526,,
,0.010000000000000002,21600,,,,
120,,21649,,,0.006296901497989893,
120,,21699,,,0.02447371557354927,
120,,21749,,,0.034624405205249786,
120,,21779,,,,0.4972222149372101
120,,21779,,0.987500011920929,,
,0.010000000000000002,21780,,,,
121,,21799,,,0.008110410533845425,
121,,21849,,,0.0014213328249752522,
121,,21899,,,0.0013614686904475093,
121,,21949,,,0.017038363963365555,
121,,21959,,,,0.5027777552604675
121,,21959,,0.9868055582046509,,
,0.010000000000000002,21960,,,,
122,,21999,,,0.0020846789702773094,
122,,22049,,,0.1814132183790207,
122,,22099,,,0.0027941169682890177,
122,,22139,,,,0.519444465637207
122,,22139,,0.9902777671813965,,
,0.010000000000000002,22140,,,,
123,,22149,,,0.039414241909980774,
123,,22199,,,3.8711787055945024e-05,
123,,22249,,,0.016582434996962547,
123,,22299,,,0.0014263027114793658,
123,,22319,,,,0.4861111044883728
123,,22319,,0.9930555820465088,,
,0.010000000000000002,22320,,,,
124,,22349,,,0.0003506997018121183,
124,,22399,,,0.007756720297038555,
124,,22449,,,0.0012293497566133738,
124,,22499,,,0.003389173885807395,
124,,22499,,,,0.4861111044883728
124,,22499,,0.9916666746139526,,
,0.010000000000000002,22500,,,,
125,,22549,,,0.03232995420694351,
125,,22599,,,0.0004326654889155179,
125,,22649,,,0.0006870241486467421,
125,,22679,,,,0.4861111044883728
125,,22679,,0.9930555820465088,,
,0.010000000000000002,22680,,,,
126,,22699,,,0.024218855425715446,
126,,22749,,,0.052546676248311996,
126,,22799,,,0.0029246422927826643,
126,,22849,,,0.003687276504933834,
126,,22859,,,,0.5
126,,22859,,0.9916666746139526,,
,0.010000000000000002,22860,,,,
127,,22899,,,0.0038357579614967108,
127,,22949,,,0.0010376391001045704,
127,,22999,,,0.2173001915216446,
127,,23039,,,,0.48055556416511536
127,,23039,,0.9909722208976746,,
,0.010000000000000002,23040,,,,
128,,23049,,,0.013125580735504627,
128,,23099,,,0.016239386051893234,
128,,23149,,,0.0007537052733823657,
128,,23199,,,0.042772144079208374,
128,,23219,,,,0.48055556416511536
128,,23219,,0.9902777671813965,,
,0.010000000000000002,23220,,,,
129,,23249,,,0.04048129543662071,
129,,23299,,,0.010854997672140598,
129,,23349,,,0.004450309090316296,
129,,23399,,,0.005086238496005535,
129,,23399,,,,0.4888888895511627
129,,23399,,0.9902777671813965,,
,0.010000000000000002,23400,,,,
130,,23449,,,0.07505737245082855,
130,,23499,,,0.023299796506762505,
130,,23549,,,0.00807600375264883,
130,,23579,,,,0.5
130,,23579,,0.9937499761581421,,
,0.010000000000000002,23580,,,,
131,,23599,,,0.006807641126215458,
131,,23649,,,0.0027014282532036304,
131,,23699,,,0.18236763775348663,
131,,23749,,,0.07925787568092346,
131,,23759,,,,0.48055556416511536
131,,23759,,0.9895833134651184,,
,0.010000000000000002,23760,,,,
132,,23799,,,0.1602429449558258,
132,,23849,,,0.0006495767156593502,
132,,23899,,,0.01587957702577114,
132,,23939,,,,0.5083333253860474
132,,23939,,0.987500011920929,,
,0.010000000000000002,23940,,,,
133,,23949,,,0.004028619732707739,
133,,23999,,,0.015888560563325882,
133,,24049,,,0.0034060124307870865,
133,,24099,,,0.12701557576656342,
133,,24119,,,,0.5111111402511597
133,,24119,,0.9909722208976746,,
,0.010000000000000002,24120,,,,
134,,24149,,,0.015314818359911442,
134,,24199,,,0.0068110511638224125,
134,,24249,,,0.012412567622959614,
134,,24299,,,0.015250510536134243,
134,,24299,,,,0.5083333253860474
134,,24299,,0.9930555820465088,,
,0.010000000000000002,24300,,,,
135,,24349,,,0.001494486816227436,
135,,24399,,,0.004046190530061722,
135,,24449,,,0.00011074360372731462,
135,,24479,,,,0.5138888955116272
135,,24479,,0.9916666746139526,,
,0.010000000000000002,24480,,,,
136,,24499,,,0.004211988765746355,
136,,24549,,,0.0031278692185878754,
136,,24599,,,0.04051205515861511,
136,,24649,,,0.0004921858781017363,
136,,24659,,,,0.4611110985279083
136,,24659,,0.9944444298744202,,
,0.010000000000000002,24660,,,,
137,,24699,,,0.00852133333683014,
137,,24749,,,0.0004905455280095339,
137,,24799,,,0.0010279992129653692,
137,,24839,,,,0.4861111044883728
137,,24839,,0.9944444298744202,,
,0.010000000000000002,24840,,,,
138,,24849,,,0.02260967716574669,
138,,24899,,,0.0006491224048659205,
138,,24949,,,0.005396066699177027,
138,,24999,,,0.0009794526267796755,
138,,25019,,,,0.49444442987442017
138,,25019,,0.9916666746139526,,
,0.010000000000000002,25020,,,,
139,,25049,,,0.009011052548885345,
139,,25099,,,0.024046940729022026,
139,,25149,,,0.006565206218510866,
139,,25199,,,0.0028479332104325294,
139,,25199,,,,0.5
139,,25199,,0.9909722208976746,,
,0.010000000000000002,25200,,,,
140,,25249,,,0.004896888509392738,
140,,25299,,,0.06387433409690857,
140,,25349,,,0.0023317981977015734,
140,,25379,,,,0.4277777671813965
140,,25379,,0.9937499761581421,,
,0.010000000000000002,25380,,,,
141,,25399,,,0.001705200644209981,
141,,25449,,,0.014383425004780293,
141,,25499,,,0.08981336653232574,
141,,25549,,,0.0007121445960365236,
141,,25559,,,,0.4722222089767456
141,,25559,,0.987500011920929,,
,0.010000000000000002,25560,,,,
142,,25599,,,0.0035679067950695753,
142,,25649,,,0.002352776238694787,
142,,25699,,,0.00010722859587986022,
142,,25739,,,,0.4833333194255829
142,,25739,,0.9930555820465088,,
,0.010000000000000002,25740,,,,
143,,25749,,,0.004384850617498159,
143,,25799,,,0.0009739681263454258,
143,,25849,,,0.0033526839688420296,
143,,25899,,,0.007083376403898001,
143,,25919,,,,0.43888887763023376
143,,25919,,0.9923611283302307,,
,0.010000000000000002,25920,,,,
144,,25949,,,0.005791948176920414,
144,,25999,,,0.016624275594949722,
144,,26049,,,0.010495687834918499,
144,,26099,,,0.004525919444859028,
144,,26099,,,,0.46388888359069824
144,,26099,,0.9923611283302307,,
,0.010000000000000002,26100,,,,
145,,26149,,,0.0010460193734616041,
145,,26199,,,0.020156824961304665,
145,,26249,,,0.03671427071094513,
145,,26279,,,,0.5249999761581421
145,,26279,,0.9930555820465088,,
,0.010000000000000002,26280,,,,
146,,26299,,,0.0054925428703427315,
146,,26349,,,0.000269515672698617,
146,,26399,,,0.012106755748391151,
146,,26449,,,0.01084267720580101,
146,,26459,,,,0.46388888359069824
146,,26459,,0.9902777671813965,,
,0.010000000000000002,26460,,,,
147,,26499,,,0.001575725618749857,
147,,26549,,,0.0001615715300431475,
147,,26599,,,0.26750993728637695,
147,,26639,,,,0.5
147,,26639,,0.9916666746139526,,
,0.010000000000000002,26640,,,,
148,,26649,,,0.0006911282544024289,
148,,26699,,,0.0002243546477984637,
148,,26749,,,0.02177029475569725,
148,,26799,,,0.003154485020786524,
148,,26819,,,,0.49166667461395264
148,,26819,,0.9958333373069763,,
,0.010000000000000002,26820,,,,
149,,26849,,,0.005002847407013178,
149,,26899,,,0.00019802032329607755,
149,,26949,,,0.011645413935184479,
149,,26999,,,0.00030520212021656334,
149,,26999,,,,0.4694444537162781
149,,26999,,0.9895833134651184,,
,0.0010000000000000002,27000,,,,
150,,27049,,,0.04311381280422211,
150,,27099,,,0.011311725713312626,
150,,27149,,,0.0011617119889706373,
150,,27179,,,,0.4888888895511627
150,,27179,,0.9944444298744202,,
,0.0010000000000000002,27180,,,,
151,,27199,,,0.002219943329691887,
151,,27249,,,0.00029720214661210775,
151,,27299,,,0.003010962624102831,
151,,27349,,,0.02801625058054924,
151,,27359,,,,0.4972222149372101
151,,27359,,0.9979166388511658,,
,0.0010000000000000002,27360,,,,
152,,27399,,,0.006516788154840469,
152,,27449,,,0.0005623743636533618,
152,,27499,,,0.04232698306441307,
152,,27539,,,,0.4972222149372101
152,,27539,,0.9923611283302307,,
,0.0010000000000000002,27540,,,,
153,,27549,,,0.001959575107321143,
153,,27599,,,0.0005960932467132807,
153,,27649,,,0.00023897919163573533,
153,,27699,,,0.002765762386843562,
153,,27719,,,,0.4833333194255829
153,,27719,,0.9909722208976746,,
,0.0010000000000000002,27720,,,,
154,,27749,,,0.03670596703886986,
154,,27799,,,0.03789898753166199,
154,,27849,,,0.17875653505325317,
154,,27899,,,0.03203609958291054,
154,,27899,,,,0.5083333253860474
154,,27899,,0.9916666746139526,,
,0.0010000000000000002,27900,,,,
155,,27949,,,0.0002812514139804989,
155,,27999,,,0.007169470656663179,
155,,28049,,,0.0001885713718365878,
155,,28079,,,,0.47777777910232544
155,,28079,,0.9951388835906982,,
,0.0010000000000000002,28080,,,,
156,,28099,,,0.03682364895939827,
156,,28149,,,0.005115010309964418,
156,,28199,,,0.014067145064473152,
156,,28249,,,0.002941631944850087,
156,,28259,,,,0.49444442987442017
156,,28259,,0.9923611283302307,,
,0.0010000000000000002,28260,,,,
157,,28299,,,0.0009550033137202263,
157,,28349,,,0.04371250793337822,
157,,28399,,,0.001585201476700604,
157,,28439,,,,0.49444442987442017
157,,28439,,0.9909722208976746,,
,0.0010000000000000002,28440,,,,
158,,28449,,,0.017649099230766296,
158,,28499,,,0.00042161642340943217,
158,,28549,,,4.749945946969092e-05,
158,,28599,,,0.0024577504955232143,
158,,28619,,,,0.49166667461395264
158,,28619,,0.9930555820465088,,
,0.0010000000000000002,28620,,,,
159,,28649,,,0.00040698269731365144,
159,,28699,,,0.0013560333754867315,
159,,28749,,,0.00011768605327233672,
159,,28799,,,0.006869480479508638,
159,,28799,,,,0.4888888895511627
159,,28799,,0.9951388835906982,,
,0.0010000000000000002,28800,,,,
160,,28849,,,0.019320541992783546,
160,,28899,,,0.000825638126116246,
160,,28949,,,0.00011687203368637711,
160,,28979,,,,0.5111111402511597
160,,28979,,0.9909722208976746,,
,0.0010000000000000002,28980,,,,
161,,28999,,,0.07459313422441483,
161,,29049,,,0.012483031488955021,
161,,29099,,,0.0014020594535395503,
161,,29149,,,0.024987827986478806,
161,,29159,,,,0.48055556416511536
161,,29159,,0.9944444298744202,,
,0.0010000000000000002,29160,,,,
162,,29199,,,0.2538115382194519,
162,,29249,,,0.004963581915944815,
162,,29299,,,0.004474744666367769,
162,,29339,,,,0.4972222149372101
162,,29339,,0.9958333373069763,,
,0.0010000000000000002,29340,,,,
163,,29349,,,0.018104154616594315,
163,,29399,,,0.009118516929447651,
163,,29449,,,0.00020144156587775797,
163,,29499,,,0.03602180257439613,
163,,29519,,,,0.5083333253860474
163,,29519,,0.9951388835906982,,
,0.0010000000000000002,29520,,,,
164,,29549,,,0.0010485067032277584,
164,,29599,,,0.004024067427963018,
164,,29649,,,0.017487747594714165,
164,,29699,,,0.00048186397179961205,
164,,29699,,,,0.5055555701255798
164,,29699,,0.9930555820465088,,
,0.0010000000000000002,29700,,,,
165,,29749,,,0.05762363225221634,
165,,29799,,,0.0033545191399753094,
165,,29849,,,0.0047462270595133305,
165,,29879,,,,0.5055555701255798
165,,29879,,0.9937499761581421,,
,0.0010000000000000002,29880,,,,
166,,29899,,,0.024103879928588867,
166,,29949,,,0.0036592124961316586,
166,,29999,,,0.0028540657367557287,
166,,30049,,,0.004900810774415731,
166,,30059,,,,0.5055555701255798
166,,30059,,0.9930555820465088,,
,0.0010000000000000002,30060,,,,
167,,30099,,,0.0006112386472523212,
167,,30149,,,0.0008900073589757085,
167,,30199,,,8.538953261449933e-05,
167,,30239,,,,0.5027777552604675
167,,30239,,0.9930555820465088,,
,0.0010000000000000002,30240,,,,
168,,30249,,,0.007735058199614286,
168,,30299,,,0.012088291347026825,
168,,30349,,,0.00029707688372582197,
168,,30399,,,0.0018079938599839807,
168,,30419,,,,0.47777777910232544
168,,30419,,0.9944444298744202,,
,0.0010000000000000002,30420,,,,
169,,30449,,,0.007003235165029764,
169,,30499,,,0.01616646908223629,
169,,30549,,,0.07632061094045639,
169,,30599,,,0.011360113508999348,
169,,30599,,,,0.4833333194255829
169,,30599,,0.9937499761581421,,
,0.0010000000000000002,30600,,,,
170,,30649,,,0.012593934312462807,
170,,30699,,,0.001061187474988401,
170,,30749,,,0.017069995403289795,
170,,30779,,,,0.43888887763023376
170,,30779,,0.9965277910232544,,
,0.0010000000000000002,30780,,,,
171,,30799,,,0.0009233310120180249,
171,,30849,,,0.0031388159841299057,
171,,30899,,,0.005895269103348255,
171,,30949,,,0.0011886005522683263,
171,,30959,,,,0.4888888895511627
171,,30959,,0.9930555820465088,,
,0.0010000000000000002,30960,,,,
172,,30999,,,0.001501971622928977,
172,,31049,,,9.694443724583834e-05,
172,,31099,,,0.20471517741680145,
172,,31139,,,,0.49166667461395264
172,,31139,,0.9916666746139526,,
,0.0010000000000000002,31140,,,,
173,,31149,,,0.020917139947414398,
173,,31199,,,0.003652716986835003,
173,,31249,,,0.000518052838742733,
173,,31299,,,0.00028491244302131236,
173,,31319,,,,0.5166666507720947
173,,31319,,0.9916666746139526,,
,0.0010000000000000002,31320,,,,
174,,31349,,,0.01243508979678154,
174,,31399,,,0.0009535510325804353,
174,,31449,,,0.0004436080052983016,
174,,31499,,,0.019392019137740135,
174,,31499,,,,0.4972222149372101
174,,31499,,0.9930555820465088,,
,0.0010000000000000002,31500,,,,
175,,31549,,,0.009862218052148819,
175,,31599,,,0.006128923501819372,
175,,31649,,,0.007721723522990942,
175,,31679,,,,0.5083333253860474
175,,31679,,0.9944444298744202,,
,0.0010000000000000002,31680,,,,
176,,31699,,,0.0022031040862202644,
176,,31749,,,0.00014817548799328506,
176,,31799,,,0.11009908467531204,
176,,31849,,,0.009078008122742176,
176,,31859,,,,0.5055555701255798
176,,31859,,0.9965277910232544,,
,0.0010000000000000002,31860,,,,
177,,31899,,,0.0038464288227260113,
177,,31949,,,0.02890148013830185,
177,,31999,,,0.002959720091894269,
177,,32039,,,,0.4861111044883728
177,,32039,,0.9951388835906982,,
,0.0010000000000000002,32040,,,,
178,,32049,,,0.0041793230921030045,
178,,32099,,,0.003229305613785982,
178,,32149,,,0.0061300043016672134,
178,,32199,,,0.003715073922649026,
178,,32219,,,,0.49444442987442017
178,,32219,,0.9979166388511658,,
,0.0010000000000000002,32220,,,,
179,,32249,,,0.0017784114461392164,
179,,32299,,,0.01984771527349949,
179,,32349,,,0.017220722511410713,
179,,32399,,,0.011345691047608852,
179,,32399,,,,0.5055555701255798
179,,32399,,0.9944444298744202,,
180,,32400,0.9750000238418579,,,
180,,32400,0.5055555701255798,,,
